000;_ScenarioLauncher_mx_managers_SystemManager
002;ActuatorProfileIoGenericOver
011;ActuatorProfileLightOver
013;leftArrow2Hover
015;rightArrowSmallHover
017;ActuatorProfileOnOffSwitchUp
033;ActuatorProfileWindowOpenerOver
042;ActuatorProfileExteriorVenetianBlindDisable
043;rightArrow2Hover
055;ActuatorProfileWindowOpenerDisable
057;rightArrowHover
059;yesButtonHover
063;helpButtonOver
066;ActuatorProfileGateOpenerOver
068;HelpSkittersOver
078;ActuatorProfileLightDisable
102;HelpQuestionsUp
104;masquedscreenButton_2
107;ActuatorProfileGateOpenerUp
112;ActuatorProfileDoorLockUp
114;createNewScenario
117;ActuatorProfileRollingShutterUp
119;leftArrowHover
121;HelpSystemOver
129;ActuatorProfileWindowOpenerUp
131;comboboxArrow
136;ActuatorProfileScreenDisable
140;ActuatorProfileDoorLockDisable
145;ScenarioCreateDisable
149;ActuatorProfileGarageDoorOpenerUp
153;ActuatorProfileHorizontalAwningOver
155;StartUpdateOver
159;ActuatorProfileScreenOver
163;ActuatorProfileGarageDoorOpenerOver
165;HelpInstallationOver
167;system
169;scenario
171;ScrollDownButtonUp
174;ActuatorProfileOnOffSwitchDisable
176;StartUpdateUp
181;ActuatorProfileExteriorVenetianBlindOver
183;trash
184;leftArrowSmallHover
186;noButtonHover
190;ActuatorProfileHorizontalAwningDisable
192;rightArrowSmall
194;noButton
196;HelpSkittersUp
198;ActuatorProfileGateOpenerDisable
200;HelpScenariosOver
202;HelpMySpaceUp
204;leftArrow
206;HelpScenariosUp
208;ActuatorProfileIoGenericUp
209;ActuatorProfileRollingShutterDisable
211;ScrollUpButtonOver
213;backgroundInstallButton
215;title
218;HelpQuestionsOver
220;backgroundInstallButtonHover
222;closescreenButton_2Hover
224;leftArrowSmall
226;ActuatorProfileHorizontalAwningUp
229;RemoteControl2
231;closescreenButton_2
233;HelpSystemUp
236;ActuatorProfileGarageDoorOpenerDisable
238;rightArrow
240;title_2
242;masquedscreenButton_2Hover
244;insertScenario
246;ActuatorProfileIoGenericDisable
248;ScrollDownButtonOver
251;ActuatorProfileExteriorVenetianBlindUp
257;popupLogoPicto
259;ActuatorProfileOnOffSwitchOver
261;yesButton
263;TrashOver
264;ActuatorProfileScreenUp
268;ActuatorProfileDoorLockOver
270;HelpInstallationUp
272;HelpMySpaceOver
274;ActuatorProfileRollingShutterOver
280;ActuatorProfileLightUp
283;helpButtonUp
285;ScrollUpButtonUp
009;ActuatorProfileCopiedePath92
007;ActuatorProfileCopiedePath132
005;ActuatorProfileCopiedePath172
077;ActuatorProfilePath
073;ActuatorProfilePath13
075;ActuatorProfilePath9
071;ActuatorProfilePath17
255;popup
278;ActuatorProfileCopiedePath9
277;ActuatorProfileCopiedePath13
276;ActuatorProfileCopiedePath17
287;logo_2
290;__brokenImage
294;mx.skins.cursor.DragLink
295;mx.skins.cursor.DragMove
297;mx.skins.cursor.DragCopy
300;mx.skins.cursor.DragReject
302;mx.skins.cursor.BusyCursor
253;fondpopup
304;createNewScenarioSmallTwo
306;createNewScenarioSmallOne
308;purple
310;green
312;scenarioOne
314;grey
316;scenarioTwo
318;remoteBig
320;incompletePicto
322;newScenario
324;connexion
326;skiteasyUpdate
328;validation_2
330;error_2
339;skitterUpdate
340;mx.skins.halo.WindowMinimizeButtonSkin_macMinDisabledSkin
341;mx.skins.halo.WindowMinimizeButtonSkin_winMinUpSkin
342;mx.skins.halo.WindowMinimizeButtonSkin_macMinOverSkin
343;mx.skins.halo.WindowMinimizeButtonSkin_winMinOverSkin
344;mx.skins.halo.WindowMinimizeButtonSkin_winMinDownSkin
345;mx.skins.halo.WindowMinimizeButtonSkin_macMinUpSkin
346;mx.skins.halo.WindowMinimizeButtonSkin_winMinDisabledSkin
347;mx.skins.halo.WindowMinimizeButtonSkin_macMinDownSkin
348;mx.skins.halo.WindowCloseButtonSkin_winCloseDownSkin
349;mx.skins.halo.WindowCloseButtonSkin_macCloseOverSkin
350;mx.skins.halo.WindowCloseButtonSkin_macCloseDownSkin
351;mx.skins.halo.WindowCloseButtonSkin_winCloseUpSkin
352;mx.skins.halo.WindowCloseButtonSkin_macCloseUpSkin
353;mx.skins.halo.WindowCloseButtonSkin_winCloseOverSkin
354;mx.skins.halo.WindowRestoreButtonSkin_winRestoreDownSkin
355;mx.skins.halo.WindowMaximizeButtonSkin_macMaxDisabledSkin
356;mx.skins.halo.WindowRestoreButtonSkin_winRestoreUpSkin
357;mx.skins.halo.WindowRestoreButtonSkin_winRestoreOverSkin
358;mx.skins.halo.WindowMaximizeButtonSkin_macMaxOverSkin
359;mx.skins.halo.WindowMaximizeButtonSkin_winMaxDownSkin
360;mx.skins.halo.WindowMaximizeButtonSkin_winMaxOverSkin
361;mx.skins.halo.WindowMaximizeButtonSkin_macMaxDownSkin
362;mx.skins.halo.WindowMaximizeButtonSkin_winMaxUpSkin
363;mx.skins.halo.WindowMaximizeButtonSkin_macMaxUpSkin
364;mx.skins.halo.WindowMaximizeButtonSkin_winMaxDisabledSkin
366;synchronization
368;warning
370;keyPicto_2
372;onePopup
374;IconRemote1W
376;twoPopup
378;keyWarningPicto
380;system_2
382;initializationPicto_2
386;skitEasyPicto
388;snashotPicto
390;skitEasyPicto_2
392;warning_2
394;IconRemote2W
395;com.keepcore.KCBoxNavigation_leftIcon
396;com.keepcore.KCBoxNavigation_rightIcon
397;com.keepcore.KCBoxNavigation_rightIconDisabled
398;com.keepcore.KCBoxNavigation_leftIconDisabled
401;IdentifyActuatorAwning
404;IdentifyActuatorGateOpener
406;IdentifyActuatorOnOffSwitch
416;IdentifyActuatorWindowOpener
419;IdentifyActuatorDoorLock
427;IdentifyActuatorLight
430;IdentifyActuatorRollingShutter
435;IdentifyActuatorExteriorVenitianBlind
437;IdentifyActuatorIoGeneric
440;IdentifyActuatorScreen
444;IdentifyActuatorGarageDoorOpener
446;remotePurple
448;remoteGreen
450;remoteGrey
290;_SWFLoaderStyle__embed_css_Assets_swf___brokenImage_331591968
378;keyWarningPicto
451;_winMaxButtonStyle__embed_css_win_max_down_png_1392877900
452;com.scenarioLauncher.views.QuestionsUI_deDEHelp
017;ActuatorProfileOnOffSwitchUp
324;connexion
349;mx.skins.halo.WindowCloseButtonSkin_macCloseOverSkin
453;com.scenarioLauncher.datamodel.RemoteItem_remoteCImage
376;twoPopup
454;com.scenarioLauncher.views.util.ActuatorUtil_light_icon
397;com.keepcore.KCBoxNavigation_rightIconDisabled
287;logo_2
114;createNewScenario
119;leftArrowHover
444;IdentifyActuatorGarageDoorOpener
455;_gripperSkinStyle__embed_css_gripper_up_png_1666663046
456;com.scenarioLauncher.views.QuestionsUI_seSEHelp
302;_CursorManagerStyle__embed_css_Assets_swf_mx_skins_cursor_BusyCursor_294439902
131;comboboxArrow
136;ActuatorProfileScreenDisable
312;scenarioOne
457;com.scenarioLauncher.views.util.ActuatorUtil_gdo_icon
153;ActuatorProfileHorizontalAwningOver
458;_winMinButtonStyle__embed_css_win_min_up_png_296606810
163;ActuatorProfileGarageDoorOpenerOver
167;system
358;mx.skins.halo.WindowMaximizeButtonSkin_macMaxOverSkin
171;ScrollDownButtonUp
169;scenario
181;ActuatorProfileExteriorVenetianBlindOver
459;_winRestoreButtonStyle__embed_css_win_restore_over_png_644656292
364;mx.skins.halo.WindowMaximizeButtonSkin_winMaxDisabledSkin
460;com.scenarioLauncher.datamodel.RemoteItem_remoteHImage
190;ActuatorProfileHorizontalAwningDisable
186;noButtonHover
461;com.scenarioLauncher.datamodel.RemoteItem_remoteLImage
198;ActuatorProfileGateOpenerDisable
294;_DragManagerStyle__embed_css_Assets_swf_mx_skins_cursor_DragLink_76231679
304;createNewScenarioSmallTwo
406;IdentifyActuatorOnOffSwitch
462;com.scenarioLauncher.views.QuestionsUI_noNOHelp
463;com.scenarioLauncher.utils.Images16_CursorNone
206;HelpScenariosUp
370;keyPicto_2
077;ActuatorProfilePath
211;ScrollUpButtonOver
464;com.scenarioLauncher.views.QuestionsUI_itITHelp
351;mx.skins.halo.WindowCloseButtonSkin_winCloseUpSkin
255;popup
314;grey
300;_DragManagerStyle__embed_css_Assets_swf_mx_skins_cursor_DragReject_346198230
226;ActuatorProfileHorizontalAwningUp
229;RemoteControl2
401;IdentifyActuatorAwning
007;ActuatorProfileCopiedePath132
308;purple
236;ActuatorProfileGarageDoorOpenerDisable
350;mx.skins.halo.WindowCloseButtonSkin_macCloseDownSkin
419;IdentifyActuatorDoorLock
465;com.scenarioLauncher.views.util.ActuatorUtil_AWNINGControl
340;mx.skins.halo.WindowMinimizeButtonSkin_macMinDisabledSkin
450;remoteGrey
466;com.scenarioLauncher.views.util.ActuatorUtil_evb_icon
326;skiteasyUpdate
467;com.scenarioLauncher.views.util.ActuatorUtil_ioGeneric_icon
277;ActuatorProfileCopiedePath13
270;HelpInstallationUp
468;_winCloseButtonStyle__embed_css_win_close_down_png_610283564
276;ActuatorProfileCopiedePath17
274;ActuatorProfileRollingShutterOver
469;com.scenarioLauncher.views.QuestionsUI_grGRHelp
470;com.scenarioLauncher.views.QuestionsUI_ptPTHelp
374;IconRemote1W
043;rightArrow2Hover
356;mx.skins.halo.WindowMaximizeButtonSkin_winRestoreUpSkin
471;com.scenarioLauncher.views.QuestionsUI_fiFIHelp
059;yesButtonHover
386;skitEasyPicto
063;helpButtonOver
102;HelpQuestionsUp
435;IdentifyActuatorExteriorVenitianBlind
107;ActuatorProfileGateOpenerUp
347;mx.skins.halo.WindowMinimizeButtonSkin_macMinDownSkin
129;ActuatorProfileWindowOpenerUp
330;error_2
472;ScenarioLauncher__embed__font_VerdanaR_medium_normal_573203099
473;ScenarioLauncher__embed__font_VerdanaBI_bold_italic_1824725416
474;com.scenarioLauncher.views.util.ActuatorUtil_EVBControl
394;IconRemote2W
427;IdentifyActuatorLight
145;ScenarioCreateDisable
159;ActuatorProfileScreenOver
155;StartUpdateOver
359;mx.skins.halo.WindowMaximizeButtonSkin_winMaxDownSkin
430;IdentifyActuatorRollingShutter
446;remotePurple
322;newScenario
183;trash
475;com.scenarioLauncher.datamodel.RemoteItem_remoteNImage
363;mx.skins.halo.WindowMaximizeButtonSkin_macMaxUpSkin
437;IdentifyActuatorIoGeneric
476;com.scenarioLauncher.datamodel.RemoteItem_remoteDImage
196;HelpSkittersUp
477;_winRestoreButtonStyle__embed_css_win_restore_up_png_364938054
341;mx.skins.halo.WindowMinimizeButtonSkin_winMinUpSkin
478;_winCloseButtonStyle__embed_css_win_close_up_png_266973734
416;IdentifyActuatorWindowOpener
348;mx.skins.halo.WindowCloseButtonSkin_winCloseDownSkin
479;_macMaxButtonStyle__embed_css_mac_max_down_png_233022118
297;_DragManagerStyle__embed_css_Assets_swf_mx_skins_cursor_DragCopy_75969376
295;_DragManagerStyle__embed_css_Assets_swf_mx_skins_cursor_DragMove_76242820
204;leftArrow
208;ActuatorProfileIoGenericUp
213;backgroundInstallButton
398;com.keepcore.KCBoxNavigation_leftIconDisabled
218;HelpQuestionsOver
345;mx.skins.halo.WindowMinimizeButtonSkin_macMinUpSkin
356;mx.skins.halo.WindowRestoreButtonSkin_winRestoreUpSkin
480;com.scenarioLauncher.views.QuestionsUI_plPLHelp
481;com.scenarioLauncher.datamodel.RemoteItem_remoteBImage
220;backgroundInstallButtonHover
222;closescreenButton_2Hover
482;com.scenarioLauncher.views.popup.SkitterSynchronisePopup__embed_mxml_____________assets_images_remotes_petit_skitter_png_470727833
440;IdentifyActuatorScreen
484;com.scenarioLauncher.datamodel.RemoteItem_remoteGImage
483;com.scenarioLauncher.views.util.ActuatorUtil_awning_icon
485;com.scenarioLauncher.views.Remote1WHelpUI_remotesXmlFile
233;HelpSystemUp
005;ActuatorProfileCopiedePath172
240;title_2
242;masquedscreenButton_2Hover
486;com.scenarioLauncher.views.util.ActuatorUtil_GDOControl
251;ActuatorProfileExteriorVenetianBlindUp
454;com.scenarioLauncher.views.util.ActuatorUtil_lightBasic_icon
264;ActuatorProfileScreenUp
487;com.scenarioLauncher.views.util.ActuatorUtil_plug_icon
268;ActuatorProfileDoorLockOver
488;com.scenarioLauncher.datamodel.RemoteItem_remoteKImage
283;helpButtonUp
318;remoteBig
285;ScrollUpButtonUp
011;ActuatorProfileLightOver
489;com.scenarioLauncher.views.util.ActuatorUtil_windowVelux_icon
015;rightArrowSmallHover
491;com.scenarioLauncher.views.QuestionsUI_esESHelp
490;_macMaxButtonStyle__embed_css_mac_max_dis_png_756484902
042;ActuatorProfileExteriorVenetianBlindDisable
253;fondpopup
055;ActuatorProfileWindowOpenerDisable
057;rightArrowHover
009;ActuatorProfileCopiedePath92
066;ActuatorProfileGateOpenerOver
068;HelpSkittersOver
278;ActuatorProfileCopiedePath9
492;com.scenarioLauncher.views.util.ActuatorUtil_VELUXControl
112;ActuatorProfileDoorLockUp
493;_winMinButtonStyle__embed_css_win_min_over_png_460479108
494;com.scenarioLauncher.views.util.ActuatorUtil_RSOControl
495;_winRestoreButtonStyle__embed_css_win_restore_down_png_1229181320
390;skitEasyPicto_2
396;com.keepcore.KCBoxNavigation_rightIcon
404;IdentifyActuatorGateOpener
496;com.scenarioLauncher.views.util.ActuatorUtil_DOORLOCKControl
316;scenarioTwo
140;ActuatorProfileDoorLockDisable
497;com.scenarioLauncher.components.TextInputPassword_WEBDINGS
320;incompletePicto
499;_winMinButtonStyle__embed_css_win_min_dis_png_1140240612
498;com.scenarioLauncher.views.util.ActuatorUtil_LIGHTBASICControl
500;com.scenarioLauncher.views.QuestionsUI_frFRHelp
165;HelpInstallationOver
372;onePopup
073;ActuatorProfilePath13
501;com.scenarioLauncher.views.util.ActuatorUtil_screen_icon
502;com.scenarioLauncher.utils.Images16_CursorAdd
343;mx.skins.halo.WindowMinimizeButtonSkin_winMinOverSkin
184;leftArrowSmallHover
504;ScenarioLauncher__embed__font_VerdanaB_bold_normal_163438215
503;com.scenarioLauncher.datamodel.RemoteItem_remoteEImage
505;_winMaxButtonStyle__embed_css_win_max_over_png_354517632
342;mx.skins.halo.WindowMinimizeButtonSkin_macMinOverSkin
194;noButton
071;ActuatorProfilePath17
200;HelpScenariosOver
380;system_2
306;createNewScenarioSmallOne
506;_macCloseButtonStyle__embed_css_mac_close_up_png_192766144
202;HelpMySpaceUp
507;_macMinButtonStyle__embed_css_mac_min_over_png_1948159722
215;title
485;com.scenarioLauncher.views.Remote2WHelpUI_remotesXmlFile
482;com.scenarioLauncher.views.RemotesUI__embed_mxml__________assets_images_remotes_petit_skitter_png_1649357928
224;leftArrowSmall
392;warning_2
509;_macMinButtonStyle__embed_css_mac_min_dis_png_2044609350
508;com.scenarioLauncher.views.util.ActuatorUtil_PLUGControl
510;com.scenarioLauncher.views.util.ActuatorUtil_LIGHTControl
511;_macMinButtonStyle__embed_css_mac_min_up_png_1925106556
231;closescreenButton_2
512;com.scenarioLauncher.datamodel.RemoteItem_remoteIImage
513;_winMinButtonStyle__embed_css_win_min_down_png_244736192
310;green
244;insertScenario
246;ActuatorProfileIoGenericDisable
514;_macMaxButtonStyle__embed_css_mac_max_up_png_1419102952
257;popupLogoPicto
259;ActuatorProfileOnOffSwitchOver
382;initializationPicto_2
354;mx.skins.halo.WindowRestoreButtonSkin_winRestoreDownSkin
516;com.scenarioLauncher.views.QuestionsUI_dkDKHelp
515;com.scenarioLauncher.views.util.ActuatorUtil_RSControl
280;ActuatorProfileLightUp
368;warning
002;ActuatorProfileIoGenericOver
517;com.scenarioLauncher.views.QuestionsUI_nlNLHelp
013;leftArrow2Hover
448;remoteGreen
388;snashotPicto
033;ActuatorProfileWindowOpenerOver
518;com.scenarioLauncher.views.util.ActuatorUtil_rs_icon
357;mx.skins.halo.WindowRestoreButtonSkin_winRestoreOverSkin
078;ActuatorProfileLightDisable
104;masquedscreenButton_2
117;ActuatorProfileRollingShutterUp
121;HelpSystemOver
519;ScenarioLauncher__embed__font_VerdanaI_medium_italic_1012771143
520;com.scenarioLauncher.views.util.ActuatorUtil_GO_icon
361;mx.skins.halo.WindowMaximizeButtonSkin_macMaxDownSkin
521;_winCloseButtonStyle__embed_css_win_close_over_png_1665022968
352;mx.skins.halo.WindowCloseButtonSkin_macCloseUpSkin
149;ActuatorProfileGarageDoorOpenerUp
522;_macCloseButtonStyle__embed_css_mac_close_down_png_1992422518
355;mx.skins.halo.WindowMaximizeButtonSkin_macMaxDisabledSkin
176;StartUpdateUp
174;ActuatorProfileOnOffSwitchDisable
485;com.scenarioLauncher.views.Remote1WHelpAdvancedUI_remotesXmlFile
523;com.scenarioLauncher.datamodel.RemoteItem_remoteAImage
524;com.scenarioLauncher.views.util.ActuatorUtil_rso_icon
192;rightArrowSmall
525;com.scenarioLauncher.views.util.ActuatorUtil_GOControl
362;mx.skins.halo.WindowMaximizeButtonSkin_winMaxUpSkin
485;com.scenarioLauncher.views.Remote2WHelpAdvancedUI_remotesXmlFile
526;_winMaxButtonStyle__embed_css_win_max_up_png_1655892854
395;com.keepcore.KCBoxNavigation_leftIcon
527;com.scenarioLauncher.views.QuestionsUI_enUSHelp
075;ActuatorProfilePath9
528;com.scenarioLauncher.datamodel.RemoteItem_remoteMImage
529;com.scenarioLauncher.datamodel.RemoteItem_remoteJImage
530;com.scenarioLauncher.views.util.ActuatorUtil_dl_icon
339;skitterUpdate
360;mx.skins.halo.WindowMaximizeButtonSkin_winMaxOverSkin
209;ActuatorProfileRollingShutterDisable
328;validation_2
531;_macMinButtonStyle__embed_css_mac_min_down_png_525317702
357;mx.skins.halo.WindowMaximizeButtonSkin_winRestoreOverSkin
354;mx.skins.halo.WindowMaximizeButtonSkin_winRestoreDownSkin
532;com.scenarioLauncher.datamodel.RemoteItem_remoteFImage
533;com.scenarioLauncher.views.util.ActuatorUtil_IOGENERICControl
353;mx.skins.halo.WindowCloseButtonSkin_winCloseOverSkin
238;rightArrow
366;synchronization
248;ScrollDownButtonOver
346;mx.skins.halo.WindowMinimizeButtonSkin_winMinDisabledSkin
534;_winMaxButtonStyle__embed_css_win_max_dis_png_1916099752
261;yesButton
536;com.scenarioLauncher.views.WelcomeUI_welcome
535;_macMaxButtonStyle__embed_css_mac_max_over_png_1568289146
263;TrashOver
537;com.scenarioLauncher.views.util.ActuatorUtil_SCREENDetail
538;_macCloseButtonStyle__embed_css_mac_close_over_png_1842065446
272;HelpMySpaceOver
344;mx.skins.halo.WindowMinimizeButtonSkin_winMinDownSkin
